precision_at_k,recall_at_k
0.13599999999999998,0.31966666666666665
